Source File	Size	loadResources	load	generateSnapshots	load-configure	scan	loadDepInfo	loadInfo	checkR4R4B	generateNarratives	validate	loadLists	checkConformanceResources	checkConformanceResources2	checkConformanceResources3	generateLogicalMaps	validateExpressions	scanForUsageStats	checkURLsUnique	processProvenanceDetails	translate	generate1	generate2	generateLogicals	makeDependencies	generateExampleZip	generateValidationPack	scanProfilesForR5	scanExamplesForR5
/input/myig.xml	7781	-	0	0	0	0	0	0	13	31	0	0	0	0	0	0	0	1	0	0	0	114	138	0	0	0	3	0	5
input/examples/example-SA.json	23511	6	36	0	1	0	0	0	2	707	0	0	0	0	0	0	0	0	0	0	0	40	55	0	0	0	0	0	0
input/resources/CodeSystem-BRAlergenosCBARA.json	28361	5	0	0	0	0	0	0	4	19	0	0	0	0	0	0	0	1	0	0	0	57	203	0	0	0	2	0	1
input/resources/CodeSystem-BRCBHPMTUSS.json	9802663	308	0	0	21	0	0	0	260	126081	0	0	24	0	0	0	0	41	0	0	0	10582	518971	0	0	0	590	0	29
input/resources/CodeSystem-BRCBO.json	774659	36	0	0	1	0	0	0	25	412	0	0	1	0	0	0	0	3	0	0	0	615	1993	0	0	0	37	0	12
input/resources/CodeSystem-BRCIAP2.json	57284	4	0	0	0	0	0	0	2	16	0	0	0	0	0	0	0	0	0	0	0	83	150	0	0	0	6	0	0
input/resources/CodeSystem-BRCID10.json	1555704	64	0	0	3	0	0	0	42	3321	0	0	4	0	0	0	0	4	0	0	0	1741	13846	0	0	0	149	0	8
input/resources/CodeSystem-BRCaraterAtendimento.json	1237	1	0	0	0	0	0	0	0	2	0	0	0	0	0	0	0	0	0	0	0	9	41	0	0	0	1	0	0
input/resources/CodeSystem-BRDadoAusenteOuDesconhecido.json	6536	0	0	0	0	0	0	0	0	3	0	0	0	0	0	0	0	0	0	0	0	15	48	0	0	0	0	0	0
input/resources/CodeSystem-BRFinanciamento.json	1228	1	0	0	0	0	0	0	0	2	0	0	0	0	0	0	0	0	0	0	0	9	31	0	0	0	0	0	0
input/resources/CodeSystem-BRImunobiologico.xml	49789	62	0	0	0	0	0	0	2	8	0	0	0	0	0	0	0	0	0	0	0	47	76	0	0	0	3	0	1
input/resources/CodeSystem-BRJustificativaIndividuoNaoIdentificado.json	1457	2	0	0	0	0	0	0	0	2	0	0	0	0	0	0	0	0	0	0	0	9	27	0	0	0	0	0	0
input/resources/CodeSystem-BRMedDRA.json	5636	0	0	0	0	0	0	0	0	2	0	0	0	0	0	0	0	0	0	0	0	12	36	0	0	0	0	0	0
input/resources/CodeSystem-BRMedicamento.json	483411	18	0	0	1	0	0	0	12	336	0	0	2	0	0	0	0	2	0	0	0	574	1750	0	0	0	47	0	3
input/resources/CodeSystem-BRModalidadeAssistencial.json	1387	0	0	0	0	0	0	0	0	2	0	0	0	0	0	0	0	0	0	0	0	9	33	0	0	0	0	0	0
input/resources/CodeSystem-BRModalidadeTelessaude.xml	820	5	0	0	0	0	0	0	0	1	0	0	0	0	0	0	0	0	0	0	0	9	37	0	0	0	1	0	0
input/resources/CodeSystem-BRMotivoDesfecho.json	1304	1	0	0	0	0	0	0	0	1	0	0	0	0	0	0	0	0	0	0	0	8	49	0	0	0	0	0	0
input/resources/CodeSystem-BRObmAMPP.json	1895737	54	0	0	3	0	0	0	57	2194	0	0	3	0	0	0	0	3	0	0	0	2281	10110	0	0	0	127	0	6
input/resources/CodeSystem-BRObmANVISA.json	1731413	48	0	0	2	0	0	0	31	1983	0	0	3	0	0	0	0	4	0	0	0	1862	8681	0	0	0	118	0	7
input/resources/CodeSystem-BRObmCATMAT.json	352568	14	0	0	0	0	0	0	9	156	0	0	0	0	0	0	0	1	0	0	0	413	984	0	0	0	31	0	2
input/resources/CodeSystem-BRObmEAN.json	199564	6	0	0	0	0	0	0	4	43	0	0	1	0	0	0	0	0	0	0	0	213	258	0	0	0	11	0	0
input/resources/CodeSystem-BRObmVMP.json	546209	18	0	0	1	0	0	0	12	303	0	0	1	0	0	0	0	1	0	0	0	619	1501	0	0	0	44	0	3
input/resources/CodeSystem-BRPapelProblemaDiagnostico.json	1082	0	0	0	0	0	0	0	0	1	0	0	0	0	0	0	0	0	0	0	0	8	22	0	0	0	0	0	0
input/resources/CodeSystem-BRProcedencia.json	1029	0	0	0	0	0	0	0	0	2	0	0	0	0	0	0	0	0	0	0	0	8	21	0	0	0	1	0	0
input/resources/CodeSystem-BRResponsabilidadeParticipante.json	1323	1	0	0	0	0	0	0	0	0	0	0	0	0	0	0	0	0	0	0	0	8	23	0	0	0	0	0	0
input/resources/CodeSystem-BRTabelaSUS.json	1563380	23	0	0	0	0	0	0	16	578	0	0	1	0	0	0	0	2	0	0	0	1594	2342	0	0	0	125	0	2
input/resources/CodeSystem-BRTipoDocumento.json	2029	1	0	0	0	0	0	0	0	1	0	0	0	0	0	0	0	0	0	0	0	9	22	0	0	0	1	0	0
input/resources/CodeSystem-BRTipoIdentificador.json	7305	0	0	0	0	0	0	0	0	2	0	0	0	0	0	0	0	0	0	0	0	13	26	0	0	0	0	0	0
input/resources/CodeSystem-BRTipoObservacao.json	1313	0	0	0	0	0	0	0	0	1	0	0	0	0	0	0	0	0	0	0	0	8	21	0	0	0	0	0	0
input/resources/CodeSystem-BRTurno.json	754	1	0	0	0	0	0	0	1	1	0	0	0	0	0	0	0	0	0	0	0	7	19	0	0	0	1	0	0
input/resources/CodeSystem-BRUnidadeMedida.json	5506	0	0	0	0	0	0	0	0	2	0	0	0	0	0	0	0	0	0	0	0	13	30	0	0	0	0	0	0
input/resources/CodeSystem-BRUnidadeTempo.json	1608	0	0	0	0	0	0	0	0	1	0	0	0	0	0	0	0	0	0	0	0	8	26	0	0	0	0	0	0
input/resources/CodeSystem-BRViaAdministracao.json	19503	1	0	0	0	0	0	0	0	4	0	0	0	0	0	0	0	0	0	0	0	21	40	0	0	0	1	0	1
input/resources/StructureDefinition-BRAlergiaReacaoAdversa-1.0.json	14602	1	0	85	0	0	0	1	1	90	0	0	1	0	0	0	0	1	0	0	0	189	1168	0	1	0	8	1	1
input/resources/StructureDefinition-BRCodigoSerialMedicamento.json	1265	1	0	4	0	0	0	0	0	5	0	0	0	0	0	0	0	0	0	0	0	18	211	0	0	0	1	1	0
input/resources/StructureDefinition-BRConjuntoMinimoDados-1.1.json	23444	1	0	108	0	0	0	0	0	49	0	0	1	0	0	0	0	0	0	0	0	312	940	0	1	0	14	0	1
input/resources/StructureDefinition-BRContatoAssistencial-1.0.json	35193	1	0	66	0	0	0	0	0	77	0	0	0	0	0	0	0	1	0	0	0	376	1115	0	1	0	18	0	1
input/resources/StructureDefinition-BRFinanciamento-1.0.json	5484	1	0	4	0	0	0	0	0	8	0	0	0	0	0	0	0	0	0	0	0	35	250	0	0	0	1	0	0
input/resources/StructureDefinition-BRIdentificacaoEquipe-1.0.json	2335	0	0	2	0	0	0	0	0	4	0	0	0	0	0	0	0	0	0	0	0	16	173	0	0	0	1	0	0
input/resources/StructureDefinition-BRIndividuoNaoIdentificado-1.0.json	5135	1	0	4	0	0	0	0	0	7	0	0	0	0	0	0	0	0	0	0	0	38	228	0	0	0	2	0	0
input/resources/StructureDefinition-BRIntervaloDoses.json	6289	0	0	9	0	0	0	0	0	9	0	0	0	0	0	0	0	0	0	0	0	38	211	0	0	0	2	0	1
input/resources/StructureDefinition-BRLocalAtendimento-1.0.json	3090	1	0	10	0	0	0	0	0	8	0	0	0	0	0	0	0	1	0	0	0	54	219	0	0	0	3	1	0
input/resources/StructureDefinition-BRMedicamento.json	5540	0	0	12	0	0	0	0	0	12	0	0	0	0	0	0	0	0	0	0	0	73	254	0	0	0	4	0	0
input/resources/StructureDefinition-BRObservacaoDescritiva-1.0.json	7531	1	0	23	0	0	0	0	0	2252	0	0	0	0	0	0	0	0	0	0	0	119	1214	0	0	0	6	0	1
input/resources/StructureDefinition-BROcupacao-1.0.json	2373	0	0	5	0	0	0	0	0	8	0	0	0	0	0	0	0	0	0	0	0	31	186	0	0	0	3	0	0
input/resources/StructureDefinition-BROutrasInformacoes.json	1093	1	0	3	0	0	0	0	0	4	0	0	0	0	0	0	0	0	0	0	0	16	154	0	0	0	1	0	0
input/resources/StructureDefinition-BRPlanoCuidados-1.0.json	10633	0	0	32	0	0	0	0	1	17	0	0	1	0	0	0	0	0	0	0	0	137	406	0	0	0	6	0	1
input/resources/StructureDefinition-BRPrescricaoMedicamento.json	26611	2	0	50	1	0	0	0	0	42	0	0	0	0	0	0	0	1	0	0	0	324	838	0	1	0	14	1	1
input/resources/StructureDefinition-BRProblemaDiagnostico.json	18013	1	0	28	0	0	0	0	0	18	0	0	0	0	0	0	0	1	0	0	0	162	437	0	0	0	8	0	1
input/resources/StructureDefinition-BRProcedimentoRealizado-1.0.json	37512	2	0	42	0	0	0	0	0	33	0	0	0	0	0	0	0	0	0	0	0	273	512	0	1	0	12	0	1
input/resources/StructureDefinition-BRQuantidade-1.0.json	1539	0	0	2	0	0	0	0	0	4	0	0	0	0	0	0	0	0	0	0	0	18	109	0	0	0	1	1	0
input/resources/StructureDefinition-BRRegistroPrescricaoMedicamento.json	8066	1	0	21	0	0	0	0	0	17	0	0	0	0	0	0	0	0	0	0	0	122	301	0	0	0	6	0	0
input/resources/StructureDefinition-BRRestricaoFuncionalIncapacidadeSaude-1.0.json	189430	6	0	18	0	0	0	0	0	15	0	0	0	0	0	0	0	1	0	0	0	107	1039	0	0	0	7	0	0
input/resources/StructureDefinition-BRResumoEvolucaoClinica.json	135624	5	0	16	0	0	0	0	0	10	0	0	1	0	0	0	0	0	0	0	0	88	196	0	1	0	3	0	1
input/resources/StructureDefinition-BRSumarioAlta.json	767691	22	0	55	0	0	0	0	0	38	0	0	0	0	0	0	0	1	0	0	0	375	838	0	0	0	15	0	1
input/resources/StructureDefinition-BRTurno.json	1505	1	0	3	0	0	0	0	0	4	0	0	0	0	0	0	0	0	0	0	0	16	146	0	0	0	1	1	0
input/resources/ValueSet-BRAlergenos-1.0.json	818	0	0	0	0	0	0	0	0	34	0	0	0	0	0	0	0	0	0	0	0	8	269	0	0	0	0	0	0
input/resources/ValueSet-BRCaraterAtendimento-1.0.json	708	0	0	0	0	0	0	0	0	2	0	0	0	0	0	0	0	0	0	0	0	7	41	0	0	0	1	0	0
input/resources/ValueSet-BRCategoriaAgenteAlergiasReacoesAdversas-1.0.json	2966	1	0	0	0	0	0	0	0	3	0	0	0	0	0	0	0	0	0	0	0	11	46	0	0	0	0	0	0
input/resources/ValueSet-BRCategoriaCondicao.json	1287	0	0	0	0	0	0	0	0	2	0	0	0	0	0	0	0	0	0	0	0	7	41	0	0	0	0	0	0
input/resources/ValueSet-BRCriticidadeAlergiasReacoesAdversas-1.0.json	1507	0	0	0	0	0	0	0	0	1	0	0	0	0	0	0	0	0	0	0	0	9	40	0	0	0	0	0	0
input/resources/ValueSet-BREstadoContatoAssistencial-1.0.json	1244	1	0	0	0	0	0	0	0	2	0	0	0	0	0	0	0	0	0	0	0	8	41	0	0	0	1	0	0
input/resources/ValueSet-BREstadoDocumento-1.0.json	1630	0	0	0	0	0	0	0	0	1	0	0	0	0	0	0	0	0	0	0	0	8	41	0	0	0	0	0	0
input/resources/ValueSet-BREstadoEvento-1.0.json	2583	0	0	0	0	0	0	0	0	2	0	0	0	0	0	0	0	0	0	0	0	9	45	0	0	0	0	0	0
input/resources/ValueSet-BREstadoObservacao-1.0.json	1142	1	0	0	0	0	0	0	0	1	0	0	0	0	0	0	0	0	0	0	0	8	42	0	0	0	0	0	0
input/resources/ValueSet-BREstadoResolucaoDiagnosticoProblema-1.0.json	2182	0	0	0	0	0	0	0	0	2	0	0	0	0	0	0	0	0	0	0	0	8	51	0	0	0	1	0	0
input/resources/ValueSet-BREstadoRestricaoFuncionalIncapacidadeSaude-1.0.json	1219	0	0	0	0	0	0	0	1	1	0	0	0	0	0	0	0	0	0	0	0	8	36	0	0	0	0	0	0
input/resources/ValueSet-BREstadoSolicitacao-1.0.json	1126	0	0	0	0	0	0	0	0	1	0	0	0	0	0	0	0	0	0	0	0	8	40	0	0	0	0	0	0
input/resources/ValueSet-BREstadoSolicitacaoMedicamento-1.0.json	2401	1	0	0	0	0	0	0	0	2	0	0	0	0	0	0	0	0	0	0	0	8	38	0	0	0	0	0	0
input/resources/ValueSet-BRFinanciamento-1.0.json	770	0	0	0	0	0	0	0	0	1	0	0	0	0	0	0	0	0	0	0	0	6	33	0	0	0	0	0	0
input/resources/ValueSet-BRGrauCertezaAlergiasReacoesAdversas-1.0.json	1799	0	0	0	0	0	0	0	0	1	0	0	0	0	0	0	0	0	0	0	0	8	35	0	0	0	1	0	0
input/resources/ValueSet-BRJustificativaIndividuoNaoIdentificado-1.0.json	973	0	0	0	0	0	0	0	0	1	0	0	0	0	0	0	0	0	0	0	0	6	31	0	0	0	0	0	0
input/resources/ValueSet-BRModalidadeAssistencial-1.0.json	818	1	0	0	0	0	0	0	0	1	0	0	0	0	0	0	0	0	0	0	0	7	32	0	0	0	0	0	0
input/resources/ValueSet-BRModalidadeTelessaude.xml	847	3	0	0	0	0	0	0	0	1	0	0	0	0	0	0	0	0	0	0	0	6	28	0	0	0	0	0	0
input/resources/ValueSet-BRMotivoDesfecho-1.0.json	763	1	0	0	0	0	0	0	0	1	0	0	0	0	0	0	0	0	0	0	0	6	30	0	0	0	0	0	0
input/resources/ValueSet-BROcupacao-1.0.json	722	0	0	0	0	0	0	0	0	0	0	0	0	0	0	0	0	0	0	0	0	6	170	0	0	0	0	0	0
input/resources/ValueSet-BRPapelProblemaDiagnostico.json	2752	1	0	0	0	0	0	0	0	3	0	0	0	0	0	0	0	0	0	0	0	9	32	0	0	0	0	0	1
input/resources/ValueSet-BRPrescricaoNaoEstruturada.json	1075	0	0	0	0	0	0	0	0	1	0	0	0	0	0	0	0	0	0	0	0	7	30	0	0	0	1	0	0
input/resources/ValueSet-BRProblemaDiagnostico.json	874	0	0	0	0	0	0	0	0	1	0	0	0	0	0	0	0	0	0	0	0	7	196	0	0	0	0	0	0
input/resources/ValueSet-BRProcedencia-1.0.json	778	0	0	0	0	0	0	0	0	1	0	0	0	0	0	0	0	0	0	0	0	7	26	0	0	0	0	0	0
input/resources/ValueSet-BRProcedimentosNacionais-1.0.json	986	1	0	0	0	0	0	0	0	1	0	0	0	0	0	0	0	0	0	0	0	6	353	0	0	0	0	0	0
input/resources/ValueSet-BRReacoesAdversasMedDRA-1.0.json	777	0	0	0	0	0	0	0	0	0	0	0	0	0	0	0	0	0	0	0	0	7	34	0	0	0	0	0	0
input/resources/ValueSet-BRResponsabilidadeParticipante-1.0.json	810	0	0	0	0	0	0	0	0	1	0	0	0	0	0	0	0	0	0	0	0	6	25	0	0	0	0	0	0
input/resources/ValueSet-BRSexo-1.0.json	1581	0	0	0	0	0	0	0	0	2	0	0	0	0	0	0	0	0	0	0	0	7	26	0	0	0	1	0	0
input/resources/ValueSet-BRTerminologiaMedicamento.json	1100	1	0	0	0	0	0	0	0	1	0	0	0	0	0	0	0	0	0	0	0	7	235	0	0	0	0	0	0
input/resources/ValueSet-BRTipoDocumento-1.0.json	723	0	0	0	0	0	0	0	0	0	0	0	0	0	0	0	0	0	0	0	0	7	26	0	0	0	0	0	0
input/resources/ValueSet-BRTipoIdentificadorProcedimento-1.0.json	870	0	0	0	1	0	0	0	0	2	0	0	0	0	0	0	0	0	0	0	0	7	31	0	0	0	0	0	0
input/resources/ValueSet-BRTipoObservacao-1.0.json	4797	0	0	0	0	0	0	0	0	1358	0	0	0	0	0	0	0	0	0	0	0	9	38	0	0	0	1	0	0
input/resources/ValueSet-BRTurno.json	656	1	0	0	0	0	0	0	1	1	0	0	0	0	0	0	0	0	0	0	0	7	32	0	0	0	0	0	0
input/resources/ValueSet-BRUnidadeConsumo.json	717	0	0	0	0	0	0	0	0	1	0	0	0	0	0	0	0	0	0	0	0	6	34	0	0	0	0	0	0
input/resources/ValueSet-BRUnidadeMedidaMedicamento.json	780	0	0	0	0	0	0	0	0	1	0	0	0	0	0	0	0	0	0	0	0	7	29	0	0	0	0	0	0
input/resources/ValueSet-BRUnidadeTempo.json	680	0	0	0	0	0	0	0	0	1	0	0	0	0	0	0	0	0	0	0	0	7	26	0	0	0	0	0	0
input/resources/ValueSet-BRViaAdministracao-1.0.json	715	1	0	0	0	0	0	0	0	0	0	0	0	0	0	0	0	0	0	0	0	7	33	0	0	0	1	0	0
/input/includes/menu.xml	1785	-	-	-	0	0	0	0	0	0	0	0	0	0	0	0	0	0	0	0	0	0	1	0	0	0	0	0	0
/input/pagecontent/exemplos.xml	496	-	-	-	0	0	0	0	0	0	0	0	0	0	0	0	0	0	0	0	0	0	53	0	0	0	0	0	0
/input/pagecontent/mcSA.xml	20076	-	-	-	0	0	0	0	0	0	0	0	0	0	0	0	0	0	0	0	0	0	43	0	0	0	0	0	0
/input/pagecontent/index.xml	5141	-	-	-	0	0	0	0	0	0	0	0	0	0	0	0	0	0	0	0	0	0	27	0	0	0	0	0	0
/input/pagecontent/changes.xml	456	-	-	-	0	0	0	0	0	0	0	0	0	0	0	0	0	0	0	0	0	0	20	0	0	0	0	0	0
/input/pagecontent/suporte.xml	771	-	-	-	0	0	0	0	0	0	0	0	0	0	0	0	0	0	0	0	0	0	17	0	0	0	0	0	0
/input/pagecontent/downloads.xml	1453	-	-	-	0	0	0	0	0	0	0	0	0	0	0	0	0	0	0	0	0	0	16	0	0	0	0	0	0
/input/pagecontent/integracao.xml	44091	-	-	-	0	0	0	0	0	0	0	0	0	0	0	0	0	0	0	0	0	0	30	0	0	0	0	0	0
/input/pagecontent/credenciamento.xml	9098	-	-	-	0	0	0	0	0	0	0	0	0	0	0	0	0	0	0	0	0	0	17	0	0	0	0	0	0
/input/pagecontent/lives.xml	239	-	-	-	0	0	0	0	0	0	0	0	0	0	0	0	0	0	0	0	0	0	15	0	0	0	0	0	0
/input/pagecontent/miSA.xml	37654	-	-	-	0	0	0	0	0	0	0	0	0	0	0	0	0	0	0	0	0	0	19	0	0	0	0	0	0
/input/pagecontent/forms.xml	967	-	-	-	0	0	0	0	0	0	0	0	0	0	0	0	0	0	0	0	0	0	14	0	0	0	0	0	0
/input/pagecontent	0	-	-	-	0	0	0	0	0	0	0	0	0	0	0	0	0	0	0	0	0	0	0	0	0	0	0	0	0
/template/config	0	-	-	-	0	0	0	0	0	0	0	0	0	0	0	0	0	0	0	0	0	0	0	0	0	0	0	0	0
/template/config/_config.yml	140	-	-	-	0	0	0	0	0	0	0	0	0	0	0	0	0	0	0	0	0	0	0	0	0	0	0	0	0
/input/images	0	-	-	-	0	0	0	0	0	0	0	0	0	0	0	0	0	0	0	0	0	0	0	0	0	0	0	0	0
/input/images/saMC.png	520575	-	-	-	0	0	0	0	0	0	0	0	0	0	0	0	0	0	0	0	0	0	0	0	0	0	0	0	0
/input/images/credenciamento.png	132870	-	-	-	0	0	0	0	0	0	0	0	0	0	0	0	0	0	0	0	0	0	1	0	0	0	0	0	0
/input/images/envioDocumento.png	140904	-	-	-	0	0	0	0	0	0	0	0	0	0	0	0	0	0	0	0	0	0	0	0	0	0	0	0	0
/input/images/consultaIDRNDS.png	92600	-	-	-	0	0	0	0	0	0	0	0	0	0	0	0	0	0	0	0	0	0	0	0	0	0	0	0	0
/input/images/portalServicos.png	123945	-	-	-	0	0	0	0	0	0	0	0	0	0	0	0	0	0	0	0	0	0	0	0	0	0	0	0	0
/input/images/consultaIDLocal.png	127465	-	-	-	0	0	0	0	0	0	0	0	0	0	0	0	0	0	0	0	0	0	0	0	0	0	0	0	0
/input/images/gerenciadorCredenciais.png	92837	-	-	-	0	0	0	0	0	0	0	0	0	0	0	0	0	0	0	0	0	0	0	0	0	0	0	0	0
/input/images/estabelecimentosFilhos.png	33060	-	-	-	0	0	0	0	0	0	0	0	0	0	0	0	0	0	0	0	0	0	0	0	0	0	0	0	0
/input/images/acessoGov.png	615672	-	-	-	0	0	0	0	0	0	0	0	0	0	0	0	0	0	0	0	0	0	1	0	0	0	0	0	0
/temp/pages/_includes/artifacts.xml	216	-	-	-	-	-	-	-	-	-	-	-	-	-	-	-	-	-	-	-	-	-	1	0	0	0	0	0	0
/temp/pages/_includes/fragment-artifacts-table.html	3443	-	-	-	-	-	-	-	-	-	-	-	-	-	-	-	-	-	-	-	-	-	0	0	0	0	0	0	0
