URL,Version,Status,OIDs,Name,Title,Description,Uses,Used,Sources
http://www.saude.gov.br/fhir/r4/ValueSet/BRAlergenos-1.0,1.0.0-release,active,,BRAlergenos,Alérgenos,"Descreve o agente capaz de causar alergia ou reação adversa em seres humanos.",,"Internal"
http://www.saude.gov.br/fhir/r4/ValueSet/BRCaraterAtendimento-1.0,1.0.0-release,active,,BRCaraterAtendimento,Caráter de atendimento do Contato Assistencial,"ValueSet utilizado para classificar a prioridade de realização de um Contato Assistencial.",,"Internal"
http://www.saude.gov.br/fhir/r4/ValueSet/BRCategoriaAgenteAlergiasReacoesAdversas-1.0,1.0.0-release,active,,BRCategoriaAgenteAlergiasReacoesAdversas,Categoria do Agente da Alergia ou Reação Adversa,"Categoriza a substância responsável por causar uma alergia ou reação adversa.",,"THO (V3),hl7.fhir.r4.core"
http://www.saude.gov.br/fhir/r4/ValueSet/BRCategoriaCondicao,1.0.0-release,active,,BRCategoriaCondicao,Classificação de uma condição,"Tradução para o português do brasil da classificação de uma condição",,"THO"
http://www.saude.gov.br/fhir/r4/ValueSet/BRCriticidadeAlergiasReacoesAdversas-1.0,1.0.0-release,active,,BRCriticidadeAlergiasReacoesAdversas,Criticidade de Alergias e Reações Adversas,"Indica o potencial de danos nos órgãos críticos do sistema ou consequência de ameaça à vida..",,"hl7.fhir.r4.core"
http://www.saude.gov.br/fhir/r4/ValueSet/BREstadoContatoAssistencial-1.0,1.0.0-release,active,,BREstadoContatoAssistencial,Estado do Contato Assistencial,"Classifica o estado de um Contato Assistencial.",,"hl7.fhir.r4.core"
http://www.saude.gov.br/fhir/r4/ValueSet/BREstadoDocumento-1.0,1.0.0-release,active,,BREstadoDocumento,Estado do Documento,"Classifica o estado do documento que está sendo trafegado.",,"hl7.fhir.r4.core"
http://www.saude.gov.br/fhir/r4/ValueSet/BREstadoEvento-1.0,1.0.0-release,active,,BREstadoEvento,Estado do Evento,"Identificação do estado de um evento.",,"hl7.fhir.r4.core"
http://www.saude.gov.br/fhir/r4/ValueSet/BREstadoObservacao-1.0,1.0.0-release,active,,BREstadoObservacao,Estado da Observação,"Tipos de estados de uma observação.",,"hl7.fhir.r4.core"
http://www.saude.gov.br/fhir/r4/ValueSet/BREstadoResolucaoDiagnosticoProblema-1.0,1.0.0-release,active,,BREstadoResolucaoDiagnosticoProblema,Estado da Resolução de Diagnóstico ou Problema,"Estado da resolução de um diagnóstico ou problema.",,"THO"
http://www.saude.gov.br/fhir/r4/ValueSet/BREstadoRestricaoFuncionalIncapacidadeSaude-1.0,1.0.0-release,active,,BREstadoRestricaoFuncionalIncapacidadeSaude,Estado da Restrição Funcional ou Incapacidade de Saúde,"Estado da Restrição Funcional ou Incapacidade de Saúde",,"THO"
http://www.saude.gov.br/fhir/r4/ValueSet/BREstadoSolicitacao-1.0,1.0.0-release,active,,BREstadoSolicitacao,Estado da Solicitação,"Estado da solicitação.",,"hl7.fhir.r4.core"
http://www.saude.gov.br/fhir/r4/ValueSet/BREstadoSolicitacaoMedicamento-1.0,1.0.0-release,active,,BREstadoSolicitacaoMedicamento,Estado da Solicitação de Medicamento,"Estado da Solicitação de Medicamento",,"hl7.fhir.r4.core"
http://www.saude.gov.br/fhir/r4/ValueSet/BRFinanciamento-1.0,1.0.0-release,active,,BRFinanciamento,Financiamento do procedimento realizado (ValueSet),"Descreve o agente, instituição ou entidade responsável por custear as ações e serviços de saúde.",,"Internal"
http://www.saude.gov.br/fhir/r4/ValueSet/BRGrauCertezaAlergiasReacoesAdversas-1.0,1.0.0-release,active,,BRGrauCertezaAlergiasReacoesAdversas,Grau de Certeza de Alergias e Reações Adversas,"Indica o grau de certeza que se possui ao avaliar uma alergia ou reação adversa.",,"THO"
http://www.saude.gov.br/fhir/r4/ValueSet/BRJustificativaIndividuoNaoIdentificado-1.0,1.0.0-release,active,,BRJustificativaIndividuoNaoIdentificado,Justificativa da Impossibilidade de Identificação do Indivíduo (ValueSet),"Classifica as razões pelo qual não foi possível obter os dados de identificação do indivíduo em um contato assistencial. (Port. nº 84/SAS/MS/1997 e Port. nº02/SAS/SGEP/MS/2012)",,"Internal"
http://www.saude.gov.br/fhir/r4/ValueSet/BRModalidadeAssistencial-1.0,1.0.0-release,active,,BRModalidadeAssistencial,Modalidade Assistencial (ValueSet),"Classificação dos documentos e contatos assistenciais de acordo com as especificidades do modo, local e duração do atendimento.",,"Internal"
http://www.saude.gov.br/fhir/r4/ValueSet/BRModalidadeTelessaude,1.0.0-release,active,,BRModalidadeTelessaude,Modalidade de Telessaúde (ValueSet),"Conjunto de códigos utilizados para identificar as modalidades de telessaúde no contexto do atendimento clínico.",,"Internal"
http://www.saude.gov.br/fhir/r4/ValueSet/BRMotivoDesfecho-1.0,1.0.0-release,active,,BRMotivoDesfecho,Motivo do desfecho do Contato assistencial,"ValueSet utilizado para classificar o motivo de conclusão total ou parcial do contato assistencial.",,"Internal"
http://www.saude.gov.br/fhir/r4/ValueSet/BROcupacao-1.0,1.0.0-release,active,,BROcupacao,Classificação Brasileira de Ocupações - CBO (ValueSet),"Classifica as profissões do mercado de trabalho brasileiro.",,"Internal"
http://www.saude.gov.br/fhir/r4/ValueSet/BRPapelProblemaDiagnostico,1.0.0-release,active,,BRPapelProblemaDiagnostico,Classificação do papel de um problema e diagnóstico (ValueSet),"Tradução para o português do brasil da classificação do papel de um problema/diagnóstico.",,"Internal,THO"
http://www.saude.gov.br/fhir/r4/ValueSet/BRPrescricaoNaoEstruturada,1.0.0-release,active,,BRPrescricaoNaoEstruturada,Indicativo de prescrição não estruturada ou medicamento não identificado,"Indicativo de prescrição não estruturada ou medicamento não identificado.",,"Internal"
http://www.saude.gov.br/fhir/r4/ValueSet/BRProblemaDiagnostico,1.0.0-release,active,,BRProblemaDiagnostico,Classificação Internacional de Doenças e Atenção Primária,"Código Internacional de Atenção Primária (CIAP2) e Classificação Internacional de Doenças (CID10)",,"Internal"
http://www.saude.gov.br/fhir/r4/ValueSet/BRProcedencia-1.0,1.0.0-release,active,,BRProcedencia,Procedência do Contato Assistencial,"Classifica o serviço que encaminhou o indivíduo ou a sua iniciativa/de seu responsável na busca pelo acesso ao serviço de saúde.",,"Internal"
http://www.saude.gov.br/fhir/r4/ValueSet/BRProcedimentosNacionais-1.0,1.0.0-release,active,,BRProcedimentosNacionais,Procedimento realizado,"ValueSet das classificações brasileiras para procedimentos adotadas em contexto nacional, os CodeSystems apresentam os códigos da competência atual, para o envio de competência anterior os códigos devem ser consultados na RTS.",,"Internal"
http://www.saude.gov.br/fhir/r4/ValueSet/BRReacoesAdversasMedDRA-1.0,1.0.0-release,active,,BRReacoesAdversasMedDRA,Reações Adversas da MedDRA,"Classifica as reações adversas de acordo com o Medical Dictionary for Regulatory Activities.",,"Internal"
http://www.saude.gov.br/fhir/r4/ValueSet/BRResponsabilidadeParticipante-1.0,1.0.0-release,active,,BRResponsabilidadeParticipante,Reponsabilidade no Contato Assistencial,"Classifica o tipo de responsabilidade de indivíduos ou profissionais no Contato Assistencial.",,"Internal"
http://www.saude.gov.br/fhir/r4/ValueSet/BRSexo-1.0,1.0.0-release,active,,BRSexo,Sexo,"Sexo de um indivíduo.",,"hl7.fhir.r4.core"
http://www.saude.gov.br/fhir/r4/ValueSet/BRTerminologiaMedicamento,1.0.0-release,active,,BRTerminologiaMedicamento,Terminologia dos medicamentos,"ValueSet utilizado para definir a terminologia de um dado medicamento.",,"Internal"
http://www.saude.gov.br/fhir/r4/ValueSet/BRTipoDocumento-1.0,1.0.0-release,active,,BRTipoDocumento,Tipo de Documento (ValueSet),"Classifica o tipo de documento que está sendo trafegado.",,"Internal"
http://www.saude.gov.br/fhir/r4/ValueSet/BRTipoIdentificadorProcedimento-1.0,1.0.0-release,active,,BRTipoIdentificadorProcedimento,Tipo de Identificador do Procedimento,"Classifica o tipo de identificador que está sendo utilizado para o procedimento.",,"Internal"
http://www.saude.gov.br/fhir/r4/ValueSet/BRTipoObservacao-1.0,1.0.0-release,active,,BRTipoObservacao,Tipo de Observação (ValueSet),"Tipo de Observação.",,"Internal,LOINC"
http://www.saude.gov.br/fhir/r4/ValueSet/BRTurno,1.0.0-release,active,,BRTurno,Turno do dia (ValueSet),"ValueSet utilizado para definir o turno de um dia.",,"Internal"
http://www.saude.gov.br/fhir/r4/ValueSet/BRUnidadeConsumo,1.0.0-release,active,,BRUnidadeConsumo,Unidade de Consumo,"ValueSet utilizado para definir a unidade de consumo de um medicamento prescrito.",,"Internal"
http://www.saude.gov.br/fhir/r4/ValueSet/BRUnidadeMedidaMedicamento,1.0.0-release,active,,BRUnidadeMedidaMedicamento,Unidade de Medida de Medicamento,"ValueSet utilizado para definir a unidade de medida de medicamentos sob informações do fabricante.",,"Internal"
http://www.saude.gov.br/fhir/r4/ValueSet/BRUnidadeTempo,1.0.0-release,active,,BRUnidadeTempo,Unidade de Tempo,"ValueSet utilizado para definir uma unidade de tempo.",,"Internal"
http://www.saude.gov.br/fhir/r4/ValueSet/BRViaAdministracao-1.0,1.0.0-release,active,,BRViaAdministracao,Via de Administração do Imunobiológico,"Via de administração de um imunobiológico.",,"Internal"
